,Author,Specimen,FailureMode,M/Vlw,lw/tw,"ρvwFy,vw/fc","ρhwFy,vw/fc","ρvcFy,vc/fc","ρhcFy,hc/fc",P/fcAg,Section,Ab/Ag
1,Lefas et al. (1990a),SW11,1,1.100,10.714,0.269,0.137,0.348,0.149,0.000,R,0.000
2,Lefas et al. (1990a),SW12,1,1.100,10.714,0.262,0.133,0.340,0.146,0.102,R,0.000
3,Lefas et al. (1990a),SW13,1,1.100,10.714,0.346,0.176,0.449,0.192,0.208,R,0.000
4,Lefas et al. (1990a),SW14,1,1.100,10.714,0.334,0.170,0.433,0.185,0.000,R,0.000
5,Lefas et al. (1990a),SW15,1,1.100,10.714,0.325,0.165,0.421,0.180,0.102,R,0.000
6,Lefas et al. (1990a),SW16,1,1.100,10.714,0.272,0.138,0.352,0.151,0.212,R,0.000
7,Lefas et al. (1990a),SW17,1,1.100,10.714,0.291,0.050,0.401,0.161,0.000,R,0.000
8,Lefas et al. (1990a),SW21,1,2.115,10.000,0.342,0.121,0.453,0.137,0.000,R,0.000
9,Lefas et al. (1990a),SW22,1,2.115,10.000,0.290,0.103,0.383,0.116,0.106,R,0.000
10,Lefas et al. (1990a),SW23,1,2.115,10.000,0.307,0.109,0.406,0.122,0.212,R,0.000
11,Lefas et al. (1990a),SW24,1,2.115,10.000,0.304,0.108,0.401,0.121,0.000,R,0.000
12,Lefas et al. (1990a),SW25,1,2.115,10.000,0.326,0.116,0.431,0.130,0.214,R,0.000
13,Lefas et al. (1990a),SW26,1,2.115,10.000,0.488,0.086,0.644,0.194,0.000,R,0.000
14,Lefas et al. (1990b),SW30,1,2.115,10.000,0.234,0.060,0.515,0.155,0.000,R,0.000
15,Lefas et al. (1990b),SW31,1,2.115,10.000,0.200,0.052,0.441,0.133,0.000,R,0.000
17,Lefas et al. (1990b),SW32,1,2.115,10.000,0.132,0.034,0.289,0.087,0.000,R,0.000
19,Lefas et al. (1990b),SW33,1,2.115,10.000,0.143,0.037,0.315,0.095,0.000,R,0.000
39,Pilakoutas et al. (1995),SW4,1,2.000,10.000,0.046,0.058,0.383,0.116,0.000,R,0.000
40,Pilakoutas et al. (1995),SW5,3,2.000,10.000,0.081,0.039,0.513,0.021,0.000,R,0.000
41,Pilakoutas et al. (1995),SW6,2,2.000,10.000,0.044,0.032,0.367,0.018,0.000,R,0.000
42,Pilakoutas et al. (1995),SW7,2,2.000,10.000,0.081,0.067,0.510,0.134,0.000,R,0.000
43,Pilakoutas et al. (1995),SW8,1,2.000,10.000,0.037,0.027,0.345,0.036,0.000,R,0.000
44,Pilakoutas et al. (1995),SW9,1,2.000,10.000,0.044,0.032,0.407,0.046,0.000,R,0.000
45,Salonikios et al. (1999),LSW1,4,1.000,12.000,0.157,0.157,0.448,0.467,0.000,R,0.000
46,Salonikios et al. (1999),LSW2,4,1.000,12.000,0.079,0.079,0.352,0.480,0.000,R,0.000
47,Salonikios et al. (1999),LSW3,4,1.000,12.000,0.071,0.071,0.318,0.434,0.070,R,0.000
50,Salonikios et al. (1999),MSW1,1,1.500,12.000,0.133,0.133,0.381,0.257,0.000,R,0.000
51,Salonikios et al. (1999),MSW2,1,1.500,12.000,0.065,0.065,0.290,0.256,0.000,R,0.000
52,Salonikios et al. (1999),MSW3,1,1.500,12.000,0.071,0.071,0.316,0.278,0.070,R,0.000
56,Park et al. (2015),S1,3,1.167,7.500,0.093,0.073,1.287,0.000,0.070,R,0.000
57,Park et al. (2015),S2,3,1.167,7.500,0.093,0.070,1.287,0.000,0.070,R,0.000
58,Park et al. (2015),S3,3,1.167,7.500,0.061,0.048,0.851,0.000,0.070,R,0.000
59,Park et al. (2015),S4,3,1.167,7.500,0.076,0.073,1.287,0.714,0.073,B,0.176
60,Park et al. (2015),S5,3,1.167,7.500,0.051,0.036,1.298,0.000,0.070,R,0.000
61,Park et al. (2015),S6,3,1.167,7.500,0.033,0.024,0.851,0.000,0.070,R,0.000
62,Park et al. (2015),S7,3,1.167,7.500,0.051,0.036,1.287,0.895,0.070,R,0.000
63,Park et al. (2015),S8,1,1.167,7.500,0.051,0.036,0.281,0.889,0.070,R,0.000
86,Teng and Chandra (2016),J1,3,1.200,10.000,0.017,0.017,0.237,0.149,0.050,F,0.306
87,Teng and Chandra (2016),J2,3,1.200,10.000,0.045,0.018,0.253,0.159,0.050,F,0.306
64,Teng and Chandra (2016),J3,3,1.200,10.000,0.015,0.039,0.221,0.132,0.050,F,0.306
65,Teng and Chandra (2016),J4,2,1.200,10.000,0.018,0.018,0.467,0.186,0.050,B,0.302
66,Teng and Chandra (2016),J5,3,2.200,10.000,0.017,0.017,0.237,0.149,0.050,F,0.306
91,Teng and Chandra (2016),J6,3,2.200,10.000,0.045,0.018,0.253,0.159,0.050,F,0.306
67,Teng and Chandra (2016),J7,3,2.200,10.000,0.015,0.039,0.221,0.132,0.050,F,0.306
68,Oesterle et al. (1976),R1,1,2.400,18.750,0.029,0.036,0.168,0.002,0.000,R,0.000
69,Oesterle et al. (1976),R2,1,2.400,18.750,0.029,0.036,0.387,0.239,0.000,R,0.000
70,Oesterle et al. (1976),B1,1,2.400,18.750,0.028,0.030,0.094,0.003,0.000,B,0.292
71,Oesterle et al. (1976),B3,1,2.400,18.750,0.029,0.031,0.103,0.129,0.000,B,0.292
72,Oesterle et al. (1976),B4,1,2.400,18.750,0.032,0.035,0.111,0.143,0.000,B,0.292
73,Oesterle et al. (1976),B2,2,2.400,18.750,0.029,0.063,0.281,0.003,0.000,B,0.292
74,Oesterle et al. (1976),B5,2,2.400,18.750,0.032,0.070,0.359,0.149,0.000,B,0.292
76,Oesterle et al. (1976),F1,2,2.400,18.750,0.041,0.097,0.450,0.196,0.000,F,0.259
77,Oesterle et al. (1979),B6,2,2.400,18.750,0.068,0.148,0.741,0.190,0.134,B,0.292
78,Oesterle et al. (1979),B7,2,2.400,18.750,0.029,0.063,0.341,0.134,0.076,B,0.292
79,Oesterle et al. (1979),B8,2,2.400,18.750,0.031,0.158,0.391,0.155,0.089,B,0.292
80,Oesterle et al. (1979),B9,2,2.400,18.750,0.030,0.066,0.357,0.141,0.085,B,0.292
82,Oesterle et al. (1979),B10,1,2.400,18.750,0.030,0.066,0.193,0.141,0.082,B,0.292
83,Oesterle et al. (1979),F2,2,2.400,18.750,0.029,0.064,0.442,0.145,0.073,F,0.259
84,Cheng et al. (2016),M60,4,1.000,10.000,0.036,0.036,0.365,0.329,0.000,R,0.000
85,Cheng et al. (2016),M115,4,1.000,10.000,0.031,0.031,0.359,0.585,0.000,R,0.000
86,Cheng et al. (2016),H60,4,1.000,10.000,0.089,0.089,0.532,0.306,0.000,R,0.000
87,Cheng et al. (2016),H115,4,1.000,10.000,0.075,0.075,0.464,0.518,0.000,R,0.000
88,Cheng et al. (2016),H60X,4,1.000,10.000,0.093,0.093,0.557,0.159,0.000,R,0.000
89,Alarcon et al. (2014),W1,1,2.500,7.000,0.117,0.098,0.077,0.000,0.150,R,0.000
90,Alarcon et al. (2014),W2,1,2.500,7.000,0.117,0.098,0.077,0.000,0.250,R,0.000
91,Alarcon et al. (2014),W3,1,2.500,7.000,0.117,0.098,0.077,0.000,0.350,R,0.000
92,Tran (2012),RW-A20-P10-S38,2,2.000,8.020,0.026,0.030,0.324,0.142,0.073,R,0.000
93,Tran (2012),RW-A20-P10-S63,1,2.000,8.020,0.056,0.056,0.698,0.118,0.073,R,0.000
94,Tran (2012),RW-A15-P10-S51,1,1.500,8.020,0.030,0.034,0.312,0.137,0.077,R,0.000
95,Tran (2012),RW-A15-P10-S78,4,1.500,8.020,0.058,0.058,0.518,0.103,0.064,R,0.000
96,Tran (2012),RW-A15-P2.5-S64,4,1.500,8.020,0.047,0.047,0.503,0.100,0.016,R,0.000
97,Hube et al. (2017),WSL1,3,1.094,16.000,0.031,0.042,0.030,0.167,0.000,R,0.000
98,Hube et al. (2017),WSL2,4,1.094,16.000,0.031,0.042,0.030,0.063,0.000,R,0.000
99,Hube et al. (2017),WSL3,3,1.094,16.000,0.040,0.054,0.039,0.166,0.000,R,0.000
100,Hube et al. (2017),WSL4,3,1.094,16.000,0.022,0.031,0.021,0.175,0.000,R,0.000
101,Hube et al. (2017),WSL5,2,1.094,16.000,0.031,0.031,0.030,0.123,0.000,R,0.000
102,Hube et al. (2017),WSL6,3,1.094,16.000,0.022,0.022,0.021,0.123,0.000,R,0.000
103,Hube et al. (2017),WSL7,3,1.094,18.824,0.039,0.052,0.038,0.125,0.000,R,0.000
104,Hube et al. (2017),WSL8,3,1.094,18.824,0.026,0.037,0.026,0.131,0.000,R,0.000
105,Hube et al. (2017),WSL9,2,1.094,18.824,0.039,0.039,0.038,0.093,0.000,R,0.000
121,Liu et al. (2009),M05C,2,2.500,13.368,0.142,0.184,0.540,0.226,0.075,B,0.385
123,Liu et al. (2009),M10C,2,2.500,13.368,0.124,0.178,0.441,0.218,0.061,B,0.385
125,Liu et al. (2009),M15C,1,2.500,13.368,0.088,0.116,0.290,0.225,0.043,B,0.385
127,Liu et al. (2009),M20C,1,2.500,13.368,0.049,0.083,0.189,0.077,0.026,B,0.385
130,Ghorbani-Renani et al. (2009),A2C,4,2.077,6.500,0.093,0.094,0.622,0.351,0.000,R,0.000
132,Ghorbani-Renani et al. (2009),B2C,1,2.080,6.524,0.068,0.064,0.341,0.253,0.000,R,0.000
133,Hirosawa (1975),Endo_1-3,2,0.833,28.125,0.038,0.034,0.112,0.054,0.053,B,0.236
134,Hirosawa (1975),Endo_1-5,1,0.389,45.000,0.189,0.182,0.112,0.244,0.067,B,0.294
135,Hirosawa (1975),Hirosawa_1-1,1,1.167,20.000,0.029,0.026,0.223,0.008,0.000,B,0.313
136,Hirosawa (1975),Hirosawa_1-2,1,1.167,20.000,0.025,0.023,0.193,0.007,0.036,B,0.313
137,Hirosawa (1975),Hirosawa_1-3,1,1.167,20.000,0.025,0.023,0.195,0.007,0.073,B,0.313
138,Hirosawa (1975),Hirosawa_1-4,1,1.167,20.000,0.026,0.024,0.204,0.007,0.153,B,0.313
139,Hirosawa (1975),Hirosawa_2-1,1,1.167,20.000,0.034,0.034,0.288,0.009,0.000,B,0.313
140,Hirosawa (1975),Hirosawa_2-2,1,1.167,20.000,0.034,0.034,0.288,0.009,0.000,B,0.313
141,Hirosawa (1975),Hirosawa_2-3,1,1.167,20.000,0.023,0.021,0.176,0.006,0.066,B,0.313
146,Hirosawa (1975),Kokusho_1-1,3,0.500,14.333,0.000,0.000,0.116,0.000,0.000,F,0.224
147,Hirosawa (1975),Kokusho_1-2,3,0.500,14.333,0.061,0.070,0.116,0.012,0.000,F,0.224
148,Hirosawa (1975),Kokusho_1-3,3,0.500,14.333,0.081,0.093,0.154,0.015,0.000,F,0.224
149,Hirosawa (1975),Kokusho_1-4,3,0.500,14.333,0.073,0.083,0.154,0.013,0.000,F,0.224
150,Hirosawa (1975),Kokusho_1-5,3,0.500,14.333,0.081,0.093,0.154,0.015,0.000,F,0.224
151,Hirosawa (1975),Kokusho_1-6,3,0.500,14.333,0.085,0.097,0.161,0.016,0.000,F,0.224
152,Hirosawa (1975),Kokusho_1-7,3,0.500,14.333,0.085,0.097,0.161,0.016,0.000,F,0.224
153,Hirosawa (1975),Kokusho_2-1,3,0.500,17.200,0.065,0.074,0.108,0.011,0.000,F,0.242
154,Hirosawa (1975),Kokusho_2-2,3,0.500,18.696,0.106,0.121,0.159,0.016,0.000,F,0.253
155,Hirosawa (1975),Kokusho_2-3,3,0.500,17.200,0.079,0.090,0.159,0.013,0.000,F,0.242
156,Hirosawa (1975),Kokusho_2-4,3,0.500,21.500,0.116,0.132,0.185,0.015,0.000,F,0.270
157,Hirosawa (1975),Kokusho_2-5,3,0.500,18.696,0.114,0.119,0.143,0.012,0.000,F,0.253
158,Hirosawa (1975),Kokusho_2-6,3,0.500,17.917,0.116,0.122,0.153,0.012,0.000,F,0.247
159,Hirosawa (1975),Kokusho_3-1,3,0.930,18.696,0.000,0.000,0.436,0.000,0.000,F,0.253
160,Hirosawa (1975),Kokusho_3-2,3,0.930,17.917,0.000,0.000,0.436,0.000,0.000,F,0.247
161,Hirosawa (1975),Kokusho_3-3,3,0.930,15.926,0.113,0.108,0.436,0.020,0.000,F,0.233
162,Hirosawa (1975),Kokusho_3-4,3,0.930,17.917,0.102,0.098,0.436,0.016,0.000,F,0.247
163,Hirosawa (1975),Kokusho_3-5,3,0.930,19.545,0.100,0.096,0.382,0.014,0.000,F,0.258
164,Hirosawa (1975),Kokusho_3-6,3,0.930,26.875,0.162,0.155,0.448,0.017,0.000,F,0.298
165,Hirosawa (1975),Kokusho_3-7,3,0.930,19.545,0.132,0.130,0.346,0.013,0.000,F,0.258
166,Hirosawa (1975),Kokusho_3-8,3,0.930,19.545,0.141,0.139,0.368,0.014,0.000,F,0.258
167,Hirosawa (1975),Hirosawa_7-1,2,1.000,10.625,0.118,0.063,1.243,0.226,0.114,R,0.000
168,Hirosawa (1975),Hirosawa_7-2,3,1.000,10.625,0.098,0.052,1.028,0.187,0.094,R,0.000
169,Hirosawa (1975),Hirosawa_7-3,2,1.000,10.625,0.098,0.115,1.028,0.377,0.094,R,0.000
170,Hirosawa (1975),Hirosawa_7-4,1,1.000,10.625,0.148,0.175,1.560,0.572,0.143,R,0.000
171,Hirosawa (1975),Hirosawa_7-5,2,1.000,10.625,0.138,0.305,1.454,1.050,0.133,R,0.000
172,Hirosawa (1975),Hirosawa_7-6,1,1.000,10.625,0.111,0.245,1.168,0.843,0.107,R,0.000
173,Hirosawa (1975),Hirosawa_8-1,1,1.000,10.625,0.098,0.123,0.461,0.376,0.094,R,0.000
174,Hirosawa (1975),Hirosawa_8-2,2,1.000,10.625,0.148,0.187,0.700,0.571,0.143,R,0.000
175,Hirosawa (1975),Hirosawa_8-3,1,1.000,10.625,0.138,0.305,0.652,1.050,0.133,R,0.000
176,Hirosawa (1975),Hirosawa_8-4,1,1.000,10.625,0.111,0.245,0.524,0.843,0.107,R,0.000
177,Hirosawa (1975),Hirosawa_9-1,1,2.000,5.313,0.078,0.115,1.811,0.377,0.094,R,0.000
178,Hirosawa (1975),Hirosawa_9-2,1,2.000,5.313,0.091,0.135,2.116,0.440,0.110,R,0.000
179,Hirosawa (1975),Hirosawa_9-3,1,2.000,5.313,0.091,0.252,1.789,0.867,0.110,R,0.000
180,Hirosawa (1975),Hirosawa_9-4,1,2.000,5.313,0.078,0.215,1.531,0.742,0.094,R,0.000
181,Hirosawa (1975),Tanabe_1-1,3,0.786,42.000,0.000,0.000,0.349,0.000,0.000,B,0.308
182,Hirosawa (1975),Tanabe_1-2,3,0.786,21.000,0.000,0.000,0.349,0.000,0.000,B,0.222
183,Hirosawa (1975),Tanabe_1-3,3,0.786,10.500,0.000,0.000,0.498,0.000,0.000,B,0.100
184,Hirosawa (1975),Tanabe_2-1,3,0.842,28.500,0.000,0.000,0.540,0.000,0.000,B,0.222
185,Hirosawa (1975),Tanabe_2-2,3,0.842,19.000,0.000,0.000,0.538,0.000,0.000,B,0.174
186,Hirosawa (1975),Tanabe_2-3,3,0.842,14.250,0.000,0.000,0.519,0.000,0.000,B,0.143
187,Hirosawa (1975),Tanabe_2-4,3,0.842,57.000,0.327,0.327,0.541,0.014,0.000,B,0.308
188,Hirosawa (1975),Tanabe_2-5,3,0.842,28.500,0.152,0.152,0.504,0.013,0.000,B,0.222
189,Hirosawa (1975),Tanabe_2-6,3,0.842,28.500,0.173,0.173,0.574,0.015,0.000,B,0.222
190,Hirosawa (1975),Tanabe_2-7,3,0.842,28.500,0.149,0.149,0.495,0.013,0.000,B,0.222
191,Hirosawa (1975),Tanabe_2-8,3,0.842,19.000,0.097,0.097,0.485,0.013,0.000,B,0.174
192,Hirosawa (1975),Tanabe_2-9,3,0.842,19.000,0.101,0.101,0.504,0.013,0.000,B,0.174
193,Hirosawa (1975),Tanabe_2-10,3,0.842,19.000,0.103,0.103,0.511,0.013,0.000,B,0.174
194,Hirosawa (1975),Tanabe_2-11,3,0.842,14.250,0.080,0.080,0.527,0.014,0.000,B,0.143
195,Hirosawa (1975),Tanabe_2-12,3,0.842,14.250,0.074,0.074,0.489,0.013,0.000,B,0.143
196,Hirosawa (1975),Tanabe_2-13,3,0.842,14.250,0.073,0.073,0.482,0.012,0.000,B,0.143
197,Hirosawa (1975),Tanabe_3-1,3,0.842,57.000,0.117,0.117,0.300,0.010,0.000,B,0.308
198,Hirosawa (1975),Tanabe_3-2,3,0.842,57.000,0.124,0.124,0.317,0.011,0.000,B,0.308
199,Hirosawa (1975),Tanabe_3-3,3,0.842,28.500,0.125,0.125,0.320,0.011,0.000,B,0.222
200,Hirosawa (1975),Tanabe_3-4,3,0.842,28.500,0.110,0.110,0.282,0.009,0.000,B,0.222
201,Hirosawa (1975),Tanabe_3-5,3,0.842,19.000,0.090,0.090,0.344,0.012,0.000,B,0.174
202,Hirosawa (1975),Tanabe_3-6,3,0.842,19.000,0.078,0.078,0.298,0.010,0.000,B,0.174
203,Hirosawa (1975),Tanabe_3-7,3,0.842,14.250,0.060,0.060,0.303,0.010,0.000,B,0.143
204,Hirosawa (1975),Tanabe_3-8,3,0.842,14.250,0.064,0.064,0.323,0.011,0.000,B,0.143
205,Hirosawa (1975),Tanabe_4-1,3,0.842,57.000,0.155,0.155,0.297,0.010,0.000,B,0.308
206,Hirosawa (1975),Tanabe_4-2,3,0.842,57.000,0.153,0.153,0.294,0.010,0.000,B,0.308
207,Hirosawa (1975),Tanabe_4-3,3,0.842,57.000,0.157,0.157,0.301,0.010,0.000,B,0.308
208,Hirosawa (1975),Tanabe_4-4,3,0.842,28.500,0.181,0.181,0.315,0.012,0.000,B,0.222
209,Hirosawa (1975),Tanabe_4-5,3,0.842,28.500,0.180,0.180,0.313,0.012,0.000,B,0.222
210,Hirosawa (1975),Tanabe_4-6,3,0.842,28.500,0.175,0.175,0.305,0.011,0.000,B,0.222
211,Hirosawa (1975),Tanabe_4-7,3,0.842,19.000,0.116,0.116,0.303,0.011,0.000,B,0.174
212,Hirosawa (1975),Tanabe_4-8,3,0.842,19.000,0.122,0.122,0.319,0.012,0.000,B,0.174
213,Hirosawa (1975),Tanabe_4-9,3,0.842,19.000,0.119,0.119,0.310,0.011,0.000,B,0.174
214,Hirosawa (1975),Tanabe_4-10,3,0.842,14.250,0.090,0.090,0.314,0.012,0.000,B,0.143
215,Hirosawa (1975),Tanabe_4-11,3,0.842,14.250,0.090,0.090,0.315,0.012,0.000,B,0.143
216,Hirosawa (1975),Tanabe_4-12,3,0.842,14.250,0.097,0.097,0.337,0.012,0.000,B,0.143
219,Hirosawa (1975),Sugano_2-1,3,0.409,33.000,0.183,0.183,0.341,0.016,0.000,B,0.200
220,Hirosawa (1975),Sugano_2-2,3,0.409,33.000,0.181,0.181,0.338,0.016,0.000,B,0.200
221,Hirosawa (1975),Sugano_2-3,3,0.409,33.000,0.177,0.177,0.330,0.015,0.000,B,0.200
222,Hirosawa (1975),Sugano_2-4,3,0.409,33.000,0.093,0.096,0.358,0.017,0.000,B,0.200
223,Hirosawa (1975),Sugano_2-5,3,0.409,33.000,0.091,0.091,0.338,0.016,0.000,B,0.200
224,Hirosawa (1975),Sugano_2-6,3,0.409,33.000,0.096,0.091,0.343,0.008,0.000,B,0.200
225,Hirosawa (1975),Sugano_2-7,3,0.409,33.000,0.100,0.096,0.358,0.008,0.000,B,0.200
226,Hirosawa (1975),Sugano_2-8,3,0.409,33.000,0.146,0.141,0.336,0.011,0.000,B,0.200
227,Dazio et al. (2009),WSH1,1,2.280,13.333,0.039,0.032,0.161,0.137,0.051,R,0.000
228,Dazio et al. (2009),WSH2,1,2.280,13.333,0.036,0.030,0.190,0.131,0.057,R,0.000
229,Dazio et al. (2009),WSH3,1,2.280,13.333,0.078,0.031,0.236,0.125,0.058,R,0.000
230,Dazio et al. (2009),WSH4,1,2.280,13.333,0.076,0.032,0.217,0.000,0.057,R,0.000
231,Dazio et al. (2009),WSH5,1,2.280,13.333,0.037,0.034,0.102,0.159,0.128,R,0.000
232,Dazio et al. (2009),WSH6,1,2.260,13.333,0.069,0.028,0.195,0.168,0.108,R,0.000
233,Villalobos (2014),WMCC,1,2.175,7.500,0.057,0.095,0.737,0.213,0.094,R,0.000
234,Villalobos (2014),WMCN,1,2.175,7.500,0.057,0.096,0.747,0.000,0.095,R,0.000
235,Villalobos (2014),W60N,2,2.175,7.500,0.051,0.086,0.670,0.000,0.085,R,0.000
236,Villalobos (2014),W60C,2,2.175,7.500,0.055,0.093,0.721,0.208,0.091,R,0.000
237,Villalobos (2014),W40C,2,2.175,7.500,0.056,0.094,0.730,0.211,0.093,R,0.000
238,Villalobos (2014),W60N2,2,2.175,7.500,0.055,0.079,0.725,0.000,0.091,R,0.000
239,Zhang and Wang (2000),SW7,1,2.143,7.000,0.056,0.084,0.097,0.995,0.194,R,0.000
240,Zhang and Wang (2000),SW8,1,2.143,7.000,0.051,0.077,0.070,0.910,0.279,R,0.000
241,Zhang and Wang (2000),SW9,1,2.143,7.000,0.047,0.071,0.157,0.566,0.197,R,0.000
242,Zhang and Wang (2000),SRCW12,1,2.143,7.000,0.059,0.089,0.190,0.703,0.283,R,0.000
243,Hube et al. (2014),W4,2,2.500,9.333,0.109,0.088,0.084,0.000,0.150,R,0.000
244,Hube et al. (2014),W5,1,1.900,7.000,0.117,0.098,0.077,0.000,0.150,R,0.000
245,Hube et al. (2014),W6,1,2.500,7.000,0.218,0.098,0.000,0.000,0.150,R,0.000
246,Hube et al. (2014),W7,1,2.500,7.000,0.117,0.098,0.077,0.000,0.150,R,0.000
247,Hube et al. (2014),W8,1,2.500,7.000,0.117,0.142,0.077,0.258,0.150,R,0.000
248,Hube et al. (2014),W9,1,2.500,7.000,0.117,0.124,0.077,0.000,0.150,R,0.000
249,Hidalgo et al. (2002),1,3,1.000,8.333,0.051,0.026,0.954,0.026,0.000,R,0.000
250,Hidalgo et al. (2002),2,3,1.000,8.333,0.051,0.051,0.969,0.051,0.000,R,0.000
251,Hidalgo et al. (2002),4,3,1.000,8.333,0.052,0.078,1.212,0.078,0.000,R,0.000
252,Hidalgo et al. (2002),6,3,0.692,10.833,0.046,0.023,0.842,0.023,0.000,R,0.000
253,Hidalgo et al. (2002),7,3,0.692,10.833,0.034,0.065,1.229,0.065,0.000,R,0.000
254,Hidalgo et al. (2002),8,3,0.692,10.833,0.078,0.075,1.417,0.075,0.000,R,0.000
255,Hidalgo et al. (2002),9,2,0.692,13.000,0.054,0.054,1.262,0.054,0.000,R,0.000
256,Hidalgo et al. (2002),10,2,0.692,16.250,0.056,0.056,1.772,0.056,0.000,R,0.000
257,Hidalgo et al. (2002),11,2,0.500,14.000,0.058,0.029,1.184,0.029,0.000,R,0.000
258,Hidalgo et al. (2002),12,2,0.500,14.000,0.028,0.056,1.148,0.056,0.000,R,0.000
259,Hidalgo et al. (2002),13,2,0.500,14.000,0.053,0.053,1.090,0.053,0.000,R,0.000
260,Hidalgo et al. (2002),14,2,0.353,21.250,0.054,0.028,1.338,0.028,0.000,R,0.000
261,Hidalgo et al. (2002),15,2,0.353,21.250,0.025,0.048,1.204,0.048,0.000,R,0.000
262,Hidalgo et al. (2002),16,2,0.353,21.250,0.049,0.049,1.217,0.049,0.000,R,0.000
263,Hidalgo et al. (2002),21,2,0.692,13.000,0.000,0.000,0.000,0.000,0.000,R,0.000
264,Hidalgo et al. (2002),22,2,0.692,13.000,0.000,0.000,0.000,0.000,0.000,R,0.000
265,Hidalgo et al. (2002),23,2,0.692,13.000,0.000,0.045,0.000,0.045,0.000,R,0.000
266,Hidalgo et al. (2002),24,2,0.692,13.000,0.045,0.000,0.721,0.000,0.000,R,0.000
267,Hidalgo et al. (2002),25,2,0.500,14.000,0.000,0.000,0.000,0.000,0.000,R,0.000
268,Hidalgo et al. (2002),26,2,0.500,14.000,0.000,0.000,0.000,0.000,0.000,R,0.000
269,Hidalgo et al. (2002),27,2,0.500,14.000,0.000,0.045,0.000,0.045,0.000,R,0.000
270,Hidalgo et al. (2002),28,2,0.500,14.000,0.046,0.000,0.740,0.000,0.000,R,0.000
271,Hidalgo et al. (2002),29,2,0.350,18.750,0.000,0.000,0.000,0.000,0.000,R,0.000
272,Hidalgo et al. (2002),30,2,0.350,18.750,0.000,0.000,0.000,0.000,0.000,R,0.000
273,Hidalgo et al. (2002),31,2,0.350,18.750,0.000,0.047,0.000,0.047,0.000,R,0.000
274,Hidalgo et al. (2002),32,2,0.350,18.750,0.046,0.000,1.156,0.000,0.000,R,0.000
275,Han et al. (2002),W2,1,2.000,7.500,0.031,0.027,0.147,0.097,0.100,R,0.000
276,Han et al. (2002),W3,1,3.000,7.500,0.029,0.025,0.136,0.090,0.100,R,0.000
277,Barda et al. (1977),B1-1,2,0.500,18.750,0.093,0.085,0.326,0.062,0.000,F,0.209
278,Barda et al. (1977),B2-1,3,0.500,18.750,0.169,0.153,1.908,0.112,0.000,F,0.209
279,Barda et al. (1977),B3-2,3,0.500,18.750,0.101,0.095,0.627,0.069,0.000,F,0.209
280,Barda et al. (1977),B4-3,3,0.500,18.750,0.141,0.000,1.137,0.000,0.000,F,0.209
281,Barda et al. (1977),B5-4,3,0.500,18.750,0.000,0.086,0.746,0.063,0.000,F,0.209
282,Barda et al. (1977),B6-4,3,0.500,18.750,0.058,0.117,1.021,0.085,0.000,F,0.209
283,Barda et al. (1977),B7-5,3,0.250,18.750,0.103,0.097,0.860,0.071,0.000,F,0.209
284,Barda et al. (1977),B8-5,3,1.000,18.750,0.113,0.106,0.855,0.077,0.000,F,0.209
286,SLDRCE (2008),Jiang_SSW-2,4,0.560,24.881,0.161,0.179,0.503,0.195,0.098,R,0.000
287,SLDRCE (2008),Jiang_SSW-3,4,0.560,24.881,0.157,0.179,0.800,0.195,0.196,R,0.000
297,SLDRCE (2008),Zhou_SW1,1,2.611,12.000,0.080,0.096,0.651,0.161,0.197,R,0.000
298,SLDRCE (2008),Zhou_SW2,2,2.611,12.000,0.080,0.096,0.651,0.161,0.000,R,0.000
301,SLDRCE (2008),Zhang_SW1-1,1,2.200,8.000,0.087,0.093,0.323,0.145,0.108,R,0.000
302,SLDRCE (2008),Zhang_SW1-2,1,2.200,8.000,0.087,0.093,0.323,0.145,0.216,R,0.000
303,SLDRCE (2008),Zhang_SW1-3,1,2.200,8.000,0.087,0.093,0.323,0.145,0.324,R,0.000
304,SLDRCE (2008),Zhang_SW1-4,1,2.200,8.000,0.087,0.093,0.323,0.145,0.433,R,0.000
305,SLDRCE (2008),Zhang_SW2-1,2,1.200,8.000,0.058,0.062,0.217,0.097,0.417,R,0.000
306,SLDRCE (2008),Zhang_SW2-2,1,1.700,8.000,0.058,0.062,0.217,0.097,0.417,R,0.000
307,SLDRCE (2008),Zhang_SW2-3,1,2.200,8.000,0.058,0.062,0.217,0.097,0.417,R,0.000
309,SLDRCE (2008),Zhang_SW3-1,1,2.200,8.000,0.087,0.093,0.323,0.145,0.216,R,0.000
310,SLDRCE (2008),Zhang_SW3-2,1,2.200,8.000,0.058,0.062,0.217,0.097,0.417,R,0.000
311,SLDRCE (2008),Zhang_SW4-1,1,2.200,8.000,0.058,0.062,0.155,0.097,0.417,R,0.000
312,SLDRCE (2008),Zhang_SW4-2,1,2.200,8.000,0.058,0.062,0.217,0.097,0.417,R,0.000
348,SLDRCE (2008),Zhang_SW4-3,1,2.200,8.000,0.058,0.062,0.217,0.097,0.417,R,0.000
315,SLDRCE (2008),Zhang_SW5-1,1,2.200,8.000,0.070,0.062,0.173,0.097,0.417,R,0.000
351,SLDRCE (2008),Zhang_SW5-2,1,2.200,8.000,0.058,0.062,0.217,0.097,0.417,R,0.000
317,SLDRCE (2008),Zhang_SW5-3,1,2.200,8.000,0.050,0.062,0.289,0.097,0.417,R,0.000
318,SLDRCE (2008),Zhang_SW6-1,1,2.200,8.000,0.058,0.020,0.217,0.031,0.417,R,0.000
354,SLDRCE (2008),Zhang_SW6-2,1,2.200,8.000,0.058,0.062,0.217,0.097,0.417,R,0.000
320,SLDRCE (2008),Zhang_SW6-3,1,2.200,8.000,0.058,0.062,0.217,0.097,0.417,R,0.000
321,Greifenhagen and Lestuzzi (2005),M1,1,0.690,10.000,0.030,0.030,0.000,0.000,0.027,R,0.000
322,Greifenhagen and Lestuzzi (2005),M2,1,0.690,10.000,0.030,0.000,0.000,0.000,0.027,R,0.000
323,Greifenhagen and Lestuzzi (2005),M3,2,0.767,11.250,0.075,0.111,0.000,0.000,0.097,R,0.000
324,Greifenhagen and Lestuzzi (2005),M4,1,0.767,11.250,0.062,0.092,0.000,0.000,0.050,R,0.000
325,Tasnimi (2000),SHW1,1,2.200,10.000,0.067,0.028,0.286,0.000,0.000,R,0.000
326,Tasnimi (2000),SHW2,1,2.200,10.000,0.067,0.028,0.286,0.000,0.000,R,0.000
327,Tasnimi (2000),SHW3,1,2.200,10.000,0.064,0.027,0.275,0.000,0.000,R,0.000
328,Tasnimi (2000),SHW4,1,2.200,10.000,0.061,0.026,0.263,0.000,0.000,R,0.000
329,Aoyama et al. (1984),P2015,3,0.500,22.000,0.090,0.228,0.462,0.065,0.031,B,0.154
330,Chiou et al. (2004),MWF1,2,0.880,20.833,0.074,0.039,0.215,0.059,0.000,B,0.171
331,Chiou et al. (2004),MWF2,2,0.880,20.833,0.055,0.039,0.215,0.059,0.000,B,0.171
332,Chiou et al. (2004),LWF1,2,0.688,26.667,0.073,0.039,0.212,0.058,0.000,B,0.139
333,Chiou et al. (2004),LWF2,2,0.688,26.667,0.054,0.039,0.212,0.058,0.000,B,0.139
334,Cho et al.(2004),W3,1,3.750,6.579,0.058,0.077,0.845,0.062,0.100,R,0.000
335,Deng et al.(2008),HPCW-01,1,2.100,10.000,0.015,0.039,0.215,0.029,0.163,R,0.000
336,Deng et al.(2008),HPCW-02,1,2.100,10.000,0.012,0.032,0.138,0.039,0.136,R,0.000
337,Deng et al.(2008),HPCW-03,1,2.100,10.000,0.012,0.048,0.171,0.032,0.133,R,0.000
338,Deng et al.(2008),HPCW-04,1,2.100,10.000,0.006,0.042,0.117,0.034,0.117,R,0.000
339,Elnashai and Pinho (1998),Original,1,2.083,10.000,0.052,0.101,0.236,0.406,0.000,R,0.000
340,Hsiao et al.(2008),MW1,2,0.908,31.250,0.046,0.046,0.083,0.073,0.000,B,0.443
341,Hsiao et al.(2008),LW1,2,0.649,43.750,0.048,0.048,0.087,0.021,0.000,B,0.419
342,Hwang et al. (2004),WF-12,2,0.514,29.167,0.050,0.050,0.781,0.422,0.000,B,0.250
343,Hwang et al. (2004),WF-15,4,0.514,23.333,0.082,0.082,0.480,0.316,0.000,B,0.222
344,Kabeyasawa and Matsumoto (1992),NW-1,2,1.765,21.250,0.054,0.255,0.209,0.203,0.109,B,0.217
345,Kabeyasawa and Matsumoto (1992),NW-2,2,1.176,21.250,0.050,0.239,0.196,0.190,0.102,B,0.217
346,Kabeyasawa and Matsumoto (1992),NW-3,2,1.765,21.250,0.033,0.273,0.303,0.218,0.134,B,0.217
347,Kabeyasawa and Matsumoto (1992),NW-4,2,1.765,21.250,0.033,0.278,0.410,0.221,0.156,B,0.217
348,Kabeyasawa and Matsumoto (1992),NW-5,2,1.765,21.250,0.059,0.252,0.371,0.200,0.124,B,0.217
349,Kabeyasawa and Matsumoto (1992),NW-6,2,1.765,21.250,0.054,0.233,0.443,0.185,0.131,B,0.217
350,Kimura and Sugano (1996),W8N18,2,1.714,17.500,0.138,0.138,0.188,0.132,0.152,B,0.250
351,Kimura and Sugano (1996),W8N13,2,1.714,17.500,0.127,0.127,0.173,0.121,0.101,B,0.250
352,Kimura and Sugano (1996),W8N08H,2,1.714,17.500,0.127,0.126,0.172,0.121,0.062,B,0.250
353,Kimura and Sugano (1996),W4N18,2,1.714,17.500,0.233,0.232,0.318,0.223,0.256,B,0.250
354,Kimura and Sugano (1996),W4N18C,2,1.714,17.500,0.237,0.236,0.322,0.324,0.260,B,0.250
355,Lombard et al.(2000),1,1,1.333,15.000,0.080,0.050,0.080,0.050,0.000,R,0.000
356,Lopes et al. (2001),SW13,2,1.100,10.000,0.027,0.035,0.537,0.140,0.000,R,0.000
357,Massone et al. (2009),WS-T1-S1,3,1.000,10.000,0.071,0.047,0.548,0.000,0.000,R,0.000
358,Massone et al. (2009),WS-T4-S2,4,1.000,10.000,0.028,0.030,0.142,0.000,0.000,R,0.000
359,Massone et al. (2009),WP-T5-N10-S2,2,0.891,9.013,0.031,0.038,0.180,0.000,0.000,R,0.000
360,Nakamura et al. (2009),I-1,4,0.744,14.333,0.087,0.087,0.087,0.087,0.050,F,0.260
361,Nakamura et al. (2009),I-2,4,0.744,14.333,0.110,0.110,0.110,0.110,0.047,F,0.260
362,Oh et al. (2006),HRI-W2,1,1.500,7.500,0.032,0.028,0.167,0.099,0.081,R,0.000
363,Oh et al. (2006),HRI-W5,1,1.500,7.500,0.030,0.026,0.158,0.186,0.076,R,0.000
364,Oh et al. (2006),HRI-W7,1,1.500,12.000,0.037,0.028,0.100,0.095,0.082,B,0.237
365,Oh et al. (2002),WR-0,1,1.500,7.500,0.033,0.029,0.173,0.000,0.084,R,0.000
366,Palermo and Vecchio (2002),DP1,4,0.811,38.467,0.220,0.204,0.089,0.028,0.070,F,0.364
367,Palermo and Vecchio (2002),DP2,4,0.811,38.467,0.254,0.235,0.097,0.032,0.077,F,0.369
368,Paulay et al. (1982),wall 1,4,0.567,30.000,0.092,0.225,0.368,0.225,0.101,R,0.000
369,Sittipunt and Wood (2004),W1,3,1.433,15.000,0.048,0.063,0.296,0.028,0.000,B,0.278
370,Sittipunt and Wood (2004),W2,3,1.433,15.000,0.065,0.098,0.303,0.029,0.000,B,0.278
371,Taylor et al. (1996),RW2,1,3.123,11.961,0.050,0.074,0.552,0.042,0.100,R,0.000
372,Tokunaga and Nakachi (2012),No3,2,1.860,4.778,0.187,0.070,0.000,0.000,0.200,R,0.000
373,Tokunaga and Nakachi (2012),No4,2,1.860,4.778,0.352,0.133,0.000,0.000,0.400,R,0.000
374,Tokunaga and Nakachi (2012),H1,2,1.860,4.778,0.320,0.121,0.000,0.000,0.400,R,0.000
375,Tomazevic et al. (1996),SW00N1,2,1.701,19.400,0.030,0.030,0.000,0.000,0.051,R,0.000
376,Tomazevic et al. (1996),SW00N2,2,1.701,19.400,0.030,0.030,0.000,0.000,0.102,R,0.000
377,Tomazevic et al. (1996),SW23N1,2,1.701,19.400,0.023,0.023,0.226,0.000,0.038,R,0.000
378,Tomazevic et al. (1996),SW23N2,2,1.701,19.400,0.023,0.023,0.226,0.000,0.077,R,0.000
379,Tomazevic et al. (1996),SW23C1,2,1.701,19.400,0.030,0.030,0.301,0.017,0.051,R,0.000
380,Tomazevic et al. (1996),SW23C2,2,1.701,19.400,0.030,0.030,0.301,0.017,0.102,R,0.000
381,Tomazevic et al. (1996),SW60N1,2,1.701,19.400,0.043,0.043,0.679,0.000,0.051,R,0.000
382,Tomazevic et al. (1996),SW60N2,2,1.701,19.400,0.043,0.043,0.679,0.000,0.102,R,0.000
383,Tomazevic et al. (1996),SW60C1,2,1.701,19.400,0.043,0.043,0.679,0.017,0.051,R,0.000
384,Tomazevic et al. (1996),SW60C2,2,1.701,19.400,0.043,0.043,0.679,0.017,0.102,R,0.000
385,Wallace et al. (2008),P0.05,2,0.445,9.013,0.034,0.037,0.178,0.000,0.050,R,0.000
387,Su and Wong (2007),W1,1,4.100,5.000,0.161,0.019,0.000,0.000,0.250,R,0.000
388,Su and Wong (2007),W2,1,4.100,5.000,0.194,0.022,0.000,0.000,0.499,R,0.000
389,Su and Wong (2007),W3,1,4.100,5.000,0.189,0.044,0.000,0.000,0.487,R,0.000
390,Dabbagh (2005),SW1,3,1.100,13.333,0.031,0.031,0.400,0.006,0.103,F,0.278
391,Dabbagh (2005),SW2,4,1.100,13.333,0.075,0.075,0.400,0.013,0.112,F,0.278
392,Dabbagh (2005),SW3,3,1.100,13.333,0.042,0.045,0.358,0.008,0.093,F,0.278
393,Dabbagh (2005),SW4,3,1.100,13.333,0.042,0.045,0.358,0.008,0.000,F,0.278
394,Dabbagh (2005),SW5,3,1.100,13.333,0.078,0.032,0.414,0.006,0.107,F,0.278
395,Dabbagh (2005),SW6,3,1.100,13.333,0.060,0.060,0.414,0.010,0.107,F,0.278
396,Gebreyohaness et al (2014),WPS1,3,1.346,8.667,0.058,0.052,0.000,0.000,0.056,R,0.000
397,Gebreyohaness et al (2014),WPS2,3,1.346,5.652,0.019,0.017,0.000,0.000,0.048,R,0.000
398,Gebreyohaness et al (2014),WPS3,3,0.923,8.667,0.036,0.030,0.277,0.000,0.000,R,0.000
399,Gebreyohaness et al (2014),WPS4,2,0.923,5.652,0.028,0.024,0.264,0.000,0.000,R,0.000
404,Gebreyohaness et al (2014),WPS9,3,0.923,8.667,0.049,0.041,0.209,0.000,0.051,R,0.000
405,Gebreyohaness et al (2014),WPS10,2,0.923,5.652,0.033,0.028,0.218,0.000,0.052,R,0.000
406,Gebreyohaness et al (2014),WSS1,3,0.800,6.667,0.038,0.038,0.240,0.000,0.000,R,0.000
407,Gebreyohaness et al (2014),WSS2,3,0.800,4.348,0.021,0.021,0.210,0.000,0.000,R,0.000
408,Jiang et al. (2013),SW1,1,2.000,10.000,0.103,0.106,0.194,0.357,0.100,F,0.278
409,Jiang et al. (2013),SW2,1,2.000,10.000,0.103,0.106,0.194,0.357,0.200,F,0.278
410,Jiang et al. (2013),SW3,1,2.000,10.000,0.103,0.106,0.194,0.357,0.300,F,0.278
411,Jiang et al. (2013),SW4,1,2.000,10.000,0.103,0.106,0.194,0.542,0.300,F,0.278
412,Jiang et al. (2013),SW5,1,2.000,10.000,0.103,0.106,0.194,0.178,0.300,F,0.278
413,Jiang et al. (2013),SW7,1,2.000,10.000,0.103,0.106,0.235,0.442,0.300,R,0.000
414,Kuang and Ho (2008),U1.0,1,1.000,12.000,0.000,0.180,0.157,0.000,0.000,R,0.000
415,Kuang and Ho (2008),U1.5,1,1.500,12.000,0.000,0.156,0.137,0.000,0.000,R,0.000
416,Kuang and Ho (2008),C1.0,1,1.000,12.000,0.000,0.155,0.325,0.000,0.000,R,0.000
417,Kuang and Ho (2008),C1.5,1,1.500,12.000,0.000,0.160,0.335,0.000,0.000,R,0.000
418,Kuang and Ho (2008),U1.0-BC,1,1.000,12.000,0.000,0.174,0.153,0.349,0.000,R,0.000
419,Kuang and Ho (2008),U1.5-BC,1,1.500,12.000,0.000,0.162,0.142,0.323,0.000,R,0.000
420,Kuang and Ho (2008),U1.0-BC2,1,1.000,12.000,0.000,0.160,0.140,0.320,0.000,R,0.000
421,Kuang and Ho (2008),U1.0-CT,1,1.000,12.000,0.000,0.145,0.127,0.000,0.000,R,0.000
422,Gupta and Rangan (1998),S-F,1,1.100,13.333,0.071,0.050,0.060,0.024,0.000,F,0.278
423,Gupta and Rangan (1998),S-1,3,1.100,13.333,0.054,0.038,0.087,0.019,0.057,F,0.278
424,Gupta and Rangan (1998),S-2,3,1.100,13.333,0.066,0.046,0.145,0.023,0.140,F,0.278
425,Gupta and Rangan (1998),S-3,3,1.100,13.333,0.063,0.044,0.170,0.021,0.000,F,0.278
426,Gupta and Rangan (1998),S-4,3,1.100,13.333,0.095,0.040,0.131,0.020,0.060,F,0.278
427,Gupta and Rangan (1998),S-5,3,1.100,13.333,0.098,0.041,0.165,0.020,0.125,F,0.278
428,Gupta and Rangan (1998),S-6,3,1.100,13.333,0.101,0.043,0.189,0.021,0.064,F,0.278
429,Gupta and Rangan (1998),S-7,3,1.100,13.333,0.061,0.042,0.132,0.021,0.032,F,0.278
430,Yuan et al. (2018),SW-1,1,2.000,6.400,0.040,0.039,0.038,0.095,0.130,R,0.000
431,Yuan et al. (2018),SW-2,1,2.000,6.400,0.073,0.084,0.038,0.095,0.130,R,0.000
432,Yanez et al. (1991),S1,1,1.250,16.667,0.070,0.056,0.070,0.056,0.000,R,0.000
434,Terzioglu et al. (2018),T2-S2-3,2,0.647,12.500,0.116,0.127,0.878,0.127,0.000,R,0.000
435,Terzioglu et al. (2018),T1-S2-9,2,0.633,12.500,0.067,0.083,1.015,0.083,0.000,R,0.000
436,Terzioglu et al. (2018),T1-N10-S1-11,2,0.633,12.500,0.060,0.074,0.902,0.074,0.099,R,0.000
437,Terzioglu et al. (2018),T1-S1-2,2,0.633,12.500,0.063,0.069,0.956,0.069,0.000,R,0.000
438,Abdulridha and Palermo (2017),W1-SR,1,2.400,6.667,0.123,0.123,0.185,0.293,0.000,R,0.000
439,Christidis and Trezos (2017),W7,1,2.000,6.000,0.270,0.126,0.458,1.264,0.000,R,0.000
440,Christidis and Trezos (2017),W9,2,2.000,6.000,0.225,0.038,0.225,0.000,0.000,R,0.000
441,Christidis and Trezos (2017),W11,2,2.000,6.000,0.225,0.021,0.225,0.000,0.000,R,0.000
442,Christidis and Trezos (2017),W13,2,2.000,6.000,0.276,0.026,0.276,0.000,0.000,R,0.000
443,Ren et al. (2018),RC-W,1,2.054,5.139,0.018,0.042,0.290,0.063,0.180,R,0.000
444,Qiao et al. (2017),W1,1,0.850,6.250,0.051,0.051,0.100,0.049,0.024,R,0.000
445,Shen et al. (2017),SHW0,1,1.750,8.333,0.045,0.043,0.185,0.087,0.086,R,0.000
446,Mohamed et al. (2014),ST15,1,2.333,7.500,0.023,0.064,0.051,0.064,0.070,R,0.000
447,Ghazizadeh and Cruz-Noguez (2018),Control Wall,1,1.083,12.000,0.038,0.031,0.038,0.202,0.000,R,0.000
448,Aanasopoulou (2010),S1,1,1.200,10.059,0.065,0.065,0.038,0.461,0.000,R,0.000
449,Aanasopoulou (2010),S4,4,1.200,10.059,0.073,0.073,0.063,0.831,0.000,R,0.000
450,Aanasopoulou (2010),S6,1,1.500,10.059,0.066,0.066,0.066,0.868,0.000,R,0.000
451,Aanasopoulou (2010),S9,1,1.500,10.059,0.063,0.063,0.101,1.220,0.000,R,0.000
452,Aanasopoulou (2010),S10,1,1.500,10.059,0.053,0.053,0.098,1.164,0.000,R,0.000
453,Alltin et al. (2013),Specimen 1,3,1.650,10.000,0.384,0.031,2.646,0.031,0.000,R,0.000
454,Zhu and Guo (2017),MW,1,2.024,8.500,0.043,0.046,0.249,0.140,0.079,R,0.000
455,Mansur et al. (1992),W2,2,0.675,16.667,0.076,0.076,0.460,0.078,0.000,B,0.227
456,Mansur et al. (1992),W3,2,0.675,16.667,0.076,0.076,0.461,0.078,0.000,B,0.227
457,Mansur et al. (1992),W4,2,0.675,16.667,0.007,0.007,0.386,0.055,0.000,B,0.227
458,Lu et al. (2017),C1,1,2.000,9.333,0.050,0.019,0.041,0.019,0.036,R,0.000
459,Lu et al. (2018),C2,1,2.000,9.333,0.055,0.022,0.046,0.022,0.040,R,0.000
460,Lu et al. (2019),C3,1,2.000,9.333,0.053,0.021,0.044,0.021,0.038,R,0.000
461,Lu et al. (2020),C4,1,2.000,9.333,0.055,0.022,0.046,0.022,0.000,R,0.000
462,Lu et al. (2021),C5,1,2.000,9.333,0.054,0.021,0.045,0.021,0.075,R,0.000
463,Lu et al. (2022),C6,1,2.000,9.333,0.052,0.020,0.043,0.020,0.037,R,0.000
464,Tripathi et al. (2019),SWD-1,1,1.000,13.333,0.056,0.025,0.195,0.073,0.055,R,0.000
465,Tripathi et al. (2020),SWD-2,1,1.000,13.333,0.053,0.024,0.186,0.053,0.055,R,0.000
